"id","ratio","resonance"
35,0.313360864063725,0.670689235676186
36,0.323998037260026,0.829687693852879
37,0.356201047077775,0.632956059898933
50,0.301175347762182,0.525628961562199
58,0.316299118800089,0.711283431581741
79,0.329904977465048,0.933730788449577
