"id","ratio","resonance"
24,0.365368290338665,0.526923901600894
27,0.329738135216758,0.930620266120284
