"id","ratio","resonance"
8,0.357354454929009,0.618522053156668
9,0.339687531813979,0.88065972083648
18,0.340814215363935,0.861037139125362
24,0.347794416593388,0.748846193861712
43,0.308365168515593,0.606916962961885
66,0.363834630232304,0.543336775833616
87,0.357615209184587,0.615304804410751
92,0.304347271565348,0.560054468188953
99,0.314226620364934,0.682403428001804
