"id","ratio","resonance"
2,0.347661079838872,0.7508458333535
32,0.347321883309633,0.755956836109394
38,0.353344819042832,0.67016608169382
47,0.3418584309984,0.843241442522373
52,0.325771881500259,0.859650784564053
66,0.356109784450382,0.63411241956312
82,0.317705092020333,0.731568202578906
83,0.349994434975088,0.716611065303954
88,0.300655114697292,0.520188323330021
