"id","ratio","resonance"
4,0.36348028993234,0.547200974396436
9,0.308941706549376,0.613955680105326
13,0.336305561941117,0.94228776112312
19,0.3087375422474,0.611453834799018
46,0.34679482341744,0.763967674417863
