"id","ratio","resonance"
60,0.361803399864584,0.565864102824265
80,0.333447937155142,0.997710548365214
