"id","ratio","resonance"
20,0.361206906847656,0.572655210481281
23,0.341053366893902,0.856928605595244
28,0.302042926196009,0.534829035619183
50,0.309713253285736,0.62350306320697
73,0.357860828982666,0.612289595587734
