"id","ratio","resonance"
40,0.323096583830193,0.814863234654543
44,0.343323914334178,0.818885000091485
64,0.350855618016794,0.704374084678578
68,0.316741874907166,0.717609902743237
85,0.362572785466909,0.557223399773773
86,0.349735788069665,0.720327654547894
