"u","ratio","dist_ident","resonance"
1,0.1,0.233333333333333,0.603396057829465
3,0.1,0.233333333333333,0.603396057829465
