"u","ratio","dist_ident","resonance"
1,0.1,0.233333333333333,0.603396057829465
2,0.9,0.566666666666667,0.293209085512068
3,0.1,0.233333333333333,0.603396057829465
4,0.9,0.566666666666667,0.293209085512068
