"u","ratio","scostamento","resonance","library_status","intensita_risonanza"
1,0.1,0.233333333333333,0.603396057829465,"Library_-1 (Rumore)",0.097
2,0.9,0.566666666666667,0.293209085512068,"Library_-1 (Rumore)",0.0035
3,0.1,0.233333333333333,0.603396057829465,"Library_-1 (Rumore)",0.097
4,0.9,0.566666666666667,0.293209085512068,"Library_-1 (Rumore)",0.0035
